DROP TABLE IF EXISTS OP_LIST;
DROP TABLE IF EXISTS CS_AKICK;
DROP TABLE IF EXISTS CHANS;
DROP TABLE IF EXISTS BOTS;
DROP TABLE IF EXISTS NS_AUTH;
DROP TABLE IF EXISTS AUTH_STATUS;
DROP TABLE IF EXISTS NS_ACCESS;
DROP TABLE IF EXISTS NS_NOTIFY;
DROP TABLE IF EXISTS NICKS;


CREATE TABLE 'NICKS'(
   NICK_ID INTEGER PRIMARY KEY AUTOINCREMENT,
   NICKNAME VARCHAR(33),
   PASSWORD VARCHAR(33),
   MASK VARCHAR(128),
   REALNAME VARCHAR(256),
   LAST_SEEN BIGINT,
   REGISTERED BIGINT,
   HIDEMAIL TINYINT,
   MEMOMAX INT,
   URL VARCHAR(128),
   EMAIL VARCHAR(65),
   MFORWARD_TO VARCHAR(33),
   MFORWARD INT,
   NOOP TINYINT,
   NOMEMO TINYINT,
   AUTH_CHAN TINYINT,
   AUTH_NOTIFY TINYINT,
   PROTECT INT,
   MLOCK VARCHAR(33),
   MNOTIFY TINYINT
);


CREATE TABLE NS_ACCESS (
	ACCESS_ID INTEGER PRIMARY KEY AUTOINCREMENT,
	NICK_ID INT,
	MASK VARCHAR(256),
	FOREIGN KEY (NICK_ID) REFERENCES NICKS(NICK_ID)
);

CREATE TABLE NS_NOTIFY (
	NOTIFY_ID INTEGER PRIMARY KEY AUTOINCREMENT,
	NICK_ID INT,
	NOTIFICATION_NICK_ID INT,
	FOREIGN KEY (NICK_ID) REFERENCES NICKS(NICK_ID),
	FOREIGN KEY (NOTIFICATION_NICK_ID) REFERENCES NICKS(NICK_ID)
);

CREATE TABLE AUTH_STATUS (
	STATUS_ID INTEGER PRIMARY KEY AUTOINCREMENT,
	NAME VARCHAR(32)
);

CREATE TABLE NS_AUTH (
	AUTH_ID INTEGER PRIMARY KEY AUTOINCREMENT,
	TARGET_TYPE INT,
	TARGET INT,
	SENDER INT,
	RECIPIENT INT,
	TIME DATETIME,
	STATUS INT,
	FOREIGN KEY (SENDER) REFERENCES NICKS(NICK_ID) ON DELETE CASCADE ON UPDATE CASCADE,
	FOREIGN KEY (RECIPIENT) REFERENCES NICKS(NICK_ID) ON DELETE CASCADE ON UPDATE CASCADE,
	FOREIGN KEY (STATUS) REFERENCES NICKS(AUTH_STATUS_ID) ON DELETE CASCADE ON UPDATE CASCADE
);

CREATE TABLE BOTS (
	BOT_ID INTEGER PRIMARY KEY AUTOINCREMENT,
	NICKNAME VARCHAR(32) NOT NULL,
	PASSWORD VARCHAR(32) NOT NULL,
	USERNAME VARCHAR(32) NOT NULL,
	REALNAME VARCHAR(32) NOT NULL
);

CREATE TABLE CHANS
(
   CHAN_ID INTEGER PRIMARY KEY AUTOINCREMENT,
   NAME VARCHAR(33),
   PASSWORD VARCHAR(33),
   DESCRIPTION VARCHAR(256),
   TIME_REG BIGINT,
   AOP_ENABLED TINYINT,
   HOP_ENABLED TINYINT,
   SOP_ENABLED TINYINT,
   UOP_ENABLED TINYINT,
   VOP_ENABLED TINYINT,
   ADMIN_ENABLED TINYINT,
   OWNER_ENABLED TINYINT,
   BOT INT NULL,
   FOUNDER INT NOT NULL,
   SUCCESSOR INT NULL,
   MLOCK VARCHAR(33),
   TOPIC VARCHAR(1025),
   RESTRICTED TINYINT,
   KEEPTOPIC TINYINT,
   AUTOVOP TINYINT ,
   MEMOLEVEL INT NOT NULL,
   LEAVEOPS TINYINT,
   OPWATCH TINYINT,
   URL VARCHAR(64),
   TOPICLOCK INT,
   FOREIGN KEY (BOT) REFERENCES BOTS(BOT_ID) ON DELETE CASCADE ON UPDATE CASCADE,
   FOREIGN KEY (FOUNDER) REFERENCES NICKS(NICK_ID) ON DELETE CASCADE ON UPDATE CASCADE,
   FOREIGN KEY (SUCCESSOR) REFERENCES NICKS(NICK_ID) ON DELETE CASCADE ON UPDATE CASCADE,
   FOREIGN KEY (MEMOLEVEL) REFERENCES OP_TYPE(OP_TYPE_ID) ON DELETE CASCADE ON UPDATE CASCADE, 
   FOREIGN KEY (TOPICLOCK) REFERENCES OP_TYPE(OP_TYPE_ID) ON DELETE CASCADE ON UPDATE CASCADE
);

CREATE TABLE CS_AKICK (
	AKICK_ID INTEGER PRIMARY KEY AUTOINCREMENT,
	CHAN INT NOT NULL,
	MASK VARCHAR(256) NOT NULL,
	ADDED_BY VARCHAR(32) NOT NULL,
	ADDED_BY_ACC INT NOT NULL,
	ADDED_ON BIGINT,
	REASON VARCHAR(512) NULL,
	FOREIGN KEY (CHAN) REFERENCES CHANS(CHAN_ID) ON DELETE CASCADE ON UPDATE CASCADE
);

CREATE TABLE OP_LIST (
	OP_LIST_ID INTEGER NOT NULL PRIMARY KEY AUTOINCREMENT,
	TYPE INT NOT NULL,
	NICK INT NOT NULL,
	CHAN INT NOT NULL,
	ADDED_BY VARCHAR(32) NOT NULL,
	ADDED_BY_ACC INT NOT NULL,
	ADDED_ON BIGINT,
	FOREIGN KEY (TYPE) REFERENCES OP_TYPE(OP_TYPE_ID) ON DELETE CASCADE ON UPDATE CASCADE,
	FOREIGN KEY (NICK) REFERENCES NICKS(NICK_ID) ON DELETE CASCADE ON UPDATE CASCADE,
	FOREIGN KEY (CHAN) REFERENCES CHANS(CHAN_ID) ON DELETE CASCADE ON UPDATE CASCADE
);

INSERT INTO BOTS (NICKNAME,PASSWORD,USERNAME,REALNAME) VALUES ("Chanbot","hoppus123","chanserv","Channel Bot");
INSERT INTO BOTS (NICKNAME,PASSWORD,USERNAME,REALNAME) VALUES ("Wulfbot","hoppus123","chanserv","Channel Bot");
INSERT INTO BOTS (NICKNAME,PASSWORD,USERNAME,REALNAME) VALUES ("X","hoppus123","chanserv","Channel Bot");
INSERT INTO NICKS 
	(NICKNAME,PASSWORD,MASK,REALNAME,LAST_SEEN,REGISTERED,HIDEMAIL,MEMOMAX,URL,EMAIL,MFORWARD_TO,MFORWARD,NOOP,NOMEMO,AUTH_CHAN,AUTH_NOTIFY,PROTECT,MLOCK,MNOTIFY)
	VALUES("Fish-Guts","hoppus123","fish-guts@reefmaster.ch","Fish-Guts",1415474819,1415474819,1,10,"www.reefmaster.ch","fish-guts@reefmaster.ch",NULL,0,1,0,1,1,2,"ntr",0);
INSERT INTO NICKS 

(NICKNAME,PASSWORD,MASK,REALNAME,LAST_SEEN,REGISTERED,HIDEMAIL,MEMOMAX,URL,EMAIL,MFORWARD_TO,MFORWARD,NOOP,NOMEMO,AUTH_CHAN,AUTH_NOTIFY,PROTECT,MLOCK,MNOTIFY)
	VALUES("FG","hoppus123","fish-guts@reefmaster.ch","FG",1415474819,1415474819,1,10,"www.reefmaster.ch","fish-guts@reefmaster.ch",NULL,0,1,0,1,1,2,"ntr",0);
INSERT INTO NICKS 
	(NICKNAME,PASSWORD,MASK,REALNAME,LAST_SEEN,REGISTERED,HIDEMAIL,MEMOMAX,URL,EMAIL,MFORWARD_TO,MFORWARD,NOOP,NOMEMO,AUTH_CHAN,AUTH_NOTIFY,PROTECT,MLOCK,MNOTIFY)
	VALUES("Jamc","hoppus123","jamc@reefmaster.ch","Jamc",1415474819,1415474819,1,10,"www.reefmaster.ch","fish-guts@reefmaster.ch",NULL,0,1,0,1,1,2,"ntr",0);
INSERT INTO NICKS 
	(NICKNAME,PASSWORD,MASK,REALNAME,LAST_SEEN,REGISTERED,HIDEMAIL,MEMOMAX,URL,EMAIL,MFORWARD_TO,MFORWARD,NOOP,NOMEMO,AUTH_CHAN,AUTH_NOTIFY,PROTECT,MLOCK,MNOTIFY)
	VALUES("ventura","hoppus123","ventura@reefmaster.ch","ventura",1415474819,1415474819,1,10,"www.reefmaster.ch","fish-guts@reefmaster.ch",NULL,0,1,0,1,1,2,"ntr",0);
INSERT INTO NICKS 
	(NICKNAME,PASSWORD,MASK,REALNAME,LAST_SEEN,REGISTERED,HIDEMAIL,MEMOMAX,URL,EMAIL,MFORWARD_TO,MFORWARD,NOOP,NOMEMO,AUTH_CHAN,AUTH_NOTIFY,PROTECT,MLOCK,MNOTIFY)
	VALUES("CgIMaN","hoppus123","cgiman@reefmaster.ch","CgiMaN",1415474819,1415474819,1,10,"www.reefmaster.ch","fish-guts@reefmaster.ch",NULL,0,1,0,1,1,2,"ntr",0);
INSERT INTO NICKS 
	(NICKNAME,PASSWORD,MASK,REALNAME,LAST_SEEN,REGISTERED,HIDEMAIL,MEMOMAX,URL,EMAIL,MFORWARD_TO,MFORWARD,NOOP,NOMEMO,AUTH_CHAN,AUTH_NOTIFY,PROTECT,MLOCK,MNOTIFY)
	VALUES("leota","hoppus123","leota@reefmaster.ch","leota",1415474819,1415474819,1,10,"www.reefmaster.ch","fish-guts@reefmaster.ch",NULL,0,1,0,1,1,2,"ntr",0);
INSERT INTO NICKS 
	(NICKNAME,PASSWORD,MASK,REALNAME,LAST_SEEN,REGISTERED,HIDEMAIL,MEMOMAX,URL,EMAIL,MFORWARD_TO,MFORWARD,NOOP,NOMEMO,AUTH_CHAN,AUTH_NOTIFY,PROTECT,MLOCK,MNOTIFY)
	VALUES("Schwan","hoppus123","schwan@reefmaster.ch","schwan",1415474819,1415474819,1,10,"www.reefmaster.ch","fish-guts@reefmaster.ch",NULL,0,1,0,1,1,2,"ntr",0);
INSERT INTO NICKS 
	(NICKNAME,PASSWORD,MASK,REALNAME,LAST_SEEN,REGISTERED,HIDEMAIL,MEMOMAX,URL,EMAIL,MFORWARD_TO,MFORWARD,NOOP,NOMEMO,AUTH_CHAN,AUTH_NOTIFY,PROTECT,MLOCK,MNOTIFY)
	VALUES("Delfin","hoppus123","delfin@reefmaster.ch","Delfin",1415474819,1415474819,1,10,"www.reefmaster.ch","fish-guts@reefmaster.ch",NULL,0,1,0,1,1,2,"ntr",0);
INSERT INTO NICKS 
	(NICKNAME,PASSWORD,MASK,REALNAME,LAST_SEEN,REGISTERED,HIDEMAIL,MEMOMAX,URL,EMAIL,MFORWARD_TO,MFORWARD,NOOP,NOMEMO,AUTH_CHAN,AUTH_NOTIFY,PROTECT,MLOCK,MNOTIFY)
	VALUES("V","hoppus123","vi@reefmaster.ch","V",1415474819,1415474819,1,10,"www.reefmaster.ch","fish-guts@reefmaster.ch",NULL,0,1,0,1,1,2,"ntr",0);
INSERT INTO NICKS 
	(NICKNAME,PASSWORD,MASK,REALNAME,LAST_SEEN,REGISTERED,HIDEMAIL,MEMOMAX,URL,EMAIL,MFORWARD_TO,MFORWARD,NOOP,NOMEMO,AUTH_CHAN,AUTH_NOTIFY,PROTECT,MLOCK,MNOTIFY)
	VALUES("pixel","hoppus123","pixel@reefmaster.ch","pixel",1415474819,1415474819,1,10,"www.reefmaster.ch","fish-guts@reefmaster.ch",NULL,0,1,0,1,1,2,"ntr",0);
INSERT INTO NICKS 
	(NICKNAME,PASSWORD,MASK,REALNAME,LAST_SEEN,REGISTERED,HIDEMAIL,MEMOMAX,URL,EMAIL,MFORWARD_TO,MFORWARD,NOOP,NOMEMO,AUTH_CHAN,AUTH_NOTIFY,PROTECT,MLOCK,MNOTIFY)
	VALUES("waterlily","hoppus123","waterlily@reefmaster.ch","waterlily",1415474819,1415474819,1,10,"www.reefmaster.ch","fish-guts@reefmaster.ch",NULL,0,1,0,1,1,2,"ntr",0);
INSERT INTO NICKS 
	(NICKNAME,PASSWORD,MASK,REALNAME,LAST_SEEN,REGISTERED,HIDEMAIL,MEMOMAX,URL,EMAIL,MFORWARD_TO,MFORWARD,NOOP,NOMEMO,AUTH_CHAN,AUTH_NOTIFY,PROTECT,MLOCK,MNOTIFY)
	VALUES("dungeon_lady","hoppus123","dragonia@reefmaster.ch","dl",1415474819,1415474819,1,10,"www.reefmaster.ch","fish-guts@reefmaster.ch",NULL,0,1,0,1,1,2,"ntr",0);
INSERT INTO NICKS 
	(NICKNAME,PASSWORD,MASK,REALNAME,LAST_SEEN,REGISTERED,HIDEMAIL,MEMOMAX,URL,EMAIL,MFORWARD_TO,MFORWARD,NOOP,NOMEMO,AUTH_CHAN,AUTH_NOTIFY,PROTECT,MLOCK,MNOTIFY)
	VALUES("Angel","hoppus123","angel@reefmaster.ch","Angel",1415474819,1415474819,1,10,"www.reefmaster.ch","fish-guts@reefmaster.ch",NULL,0,1,0,1,1,2,"ntr",0);
INSERT INTO NICKS 
	(NICKNAME,PASSWORD,MASK,REALNAME,LAST_SEEN,REGISTERED,HIDEMAIL,MEMOMAX,URL,EMAIL,MFORWARD_TO,MFORWARD,NOOP,NOMEMO,AUTH_CHAN,AUTH_NOTIFY,PROTECT,MLOCK,MNOTIFY)
	VALUES("FischerZH","hoppus123","fisher@reefmaster.ch","Kenny Fischer",1415474819,1415474819,1,10,"www.reefmaster.ch","fish-guts@reefmaster.ch",NULL,0,1,0,1,1,2,"ntr",0);
INSERT INTO NICKS 
	(NICKNAME,PASSWORD,MASK,REALNAME,LAST_SEEN,REGISTERED,HIDEMAIL,MEMOMAX,URL,EMAIL,MFORWARD_TO,MFORWARD,NOOP,NOMEMO,AUTH_CHAN,AUTH_NOTIFY,PROTECT,MLOCK,MNOTIFY)
	VALUES("Gargo","hoppus123","gargo@reefmaster.ch","Gargo",1415474819,1415474819,1,10,"www.reefmaster.ch","fish-guts@reefmaster.ch",NULL,0,1,0,1,1,2,"ntr",0);
INSERT INTO NICKS 
	(NICKNAME,PASSWORD,MASK,REALNAME,LAST_SEEN,REGISTERED,HIDEMAIL,MEMOMAX,URL,EMAIL,MFORWARD_TO,MFORWARD,NOOP,NOMEMO,AUTH_CHAN,AUTH_NOTIFY,PROTECT,MLOCK,MNOTIFY)
	VALUES("JiLe","hoppus123","juuls@reefmaster.ch","JuLchen",1415474819,1415474819,1,10,"www.reefmaster.ch","fish-guts@reefmaster.ch",NULL,0,1,0,1,1,2,"ntr",0);
INSERT INTO NICKS 
	(NICKNAME,PASSWORD,MASK,REALNAME,LAST_SEEN,REGISTERED,HIDEMAIL,MEMOMAX,URL,EMAIL,MFORWARD_TO,MFORWARD,NOOP,NOMEMO,AUTH_CHAN,AUTH_NOTIFY,PROTECT,MLOCK,MNOTIFY)
	VALUES("Earthworm","hoppus123","ew@reefmaster.ch","Jonas",1415474819,1415474819,1,10,"www.reefmaster.ch","fish-guts@reefmaster.ch",NULL,0,1,0,1,1,2,"ntr",0);
INSERT INTO NICKS 
	(NICKNAME,PASSWORD,MASK,REALNAME,LAST_SEEN,REGISTERED,HIDEMAIL,MEMOMAX,URL,EMAIL,MFORWARD_TO,MFORWARD,NOOP,NOMEMO,AUTH_CHAN,AUTH_NOTIFY,PROTECT,MLOCK,MNOTIFY)
	VALUES("Valentin","hoppus123","valentin@reefmaster.ch","Valentin",1415474819,1415474819,1,10,"www.reefmaster.ch","fish-guts@reefmaster.ch",NULL,0,1,0,1,1,2,"ntr",0);
INSERT INTO NICKS 
	(NICKNAME,PASSWORD,MASK,REALNAME,LAST_SEEN,REGISTERED,HIDEMAIL,MEMOMAX,URL,EMAIL,MFORWARD_TO,MFORWARD,NOOP,NOMEMO,AUTH_CHAN,AUTH_NOTIFY,PROTECT,MLOCK,MNOTIFY)
	VALUES("Kane","hoppus123","dark_kane@reefmaster.ch","Kane",1415474819,1415474819,1,10,"www.reefmaster.ch","fish-guts@reefmaster.ch",NULL,0,1,0,1,1,2,"ntr",0);
INSERT INTO NICKS 
	(NICKNAME,PASSWORD,MASK,REALNAME,LAST_SEEN,REGISTERED,HIDEMAIL,MEMOMAX,URL,EMAIL,MFORWARD_TO,MFORWARD,NOOP,NOMEMO,AUTH_CHAN,AUTH_NOTIFY,PROTECT,MLOCK,MNOTIFY)
	VALUES("lemon_w","hoppus123","limone@reefmaster.ch","lämän",1415474819,1415474819,1,10,"www.reefmaster.ch","fish-guts@reefmaster.ch",NULL,0,1,0,1,1,2,"ntr",0);
INSERT INTO NICKS 
	(NICKNAME,PASSWORD,MASK,REALNAME,LAST_SEEN,REGISTERED,HIDEMAIL,MEMOMAX,URL,EMAIL,MFORWARD_TO,MFORWARD,NOOP,NOMEMO,AUTH_CHAN,AUTH_NOTIFY,PROTECT,MLOCK,MNOTIFY)
	VALUES("Audrey","hoppus123","audrey@reefmaster.ch","Audrey",1415474819,1415474819,1,10,"www.reefmaster.ch","fish-guts@reefmaster.ch",NULL,0,1,0,1,1,2,"ntr",0);
INSERT INTO NICKS 
	(NICKNAME,PASSWORD,MASK,REALNAME,LAST_SEEN,REGISTERED,HIDEMAIL,MEMOMAX,URL,EMAIL,MFORWARD_TO,MFORWARD,NOOP,NOMEMO,AUTH_CHAN,AUTH_NOTIFY,PROTECT,MLOCK,MNOTIFY)
	VALUES("mk","hoppus123","mk@reefmaster.ch","Fish-Guts",1415474819,1415474819,1,10,"www.reefmaster.ch","fish-guts@reefmaster.ch",NULL,0,1,0,1,1,2,"ntr",0);
INSERT INTO NICKS 
	(NICKNAME,PASSWORD,MASK,REALNAME,LAST_SEEN,REGISTERED,HIDEMAIL,MEMOMAX,URL,EMAIL,MFORWARD_TO,MFORWARD,NOOP,NOMEMO,AUTH_CHAN,AUTH_NOTIFY,PROTECT,MLOCK,MNOTIFY)
	VALUES("ake","hoppus123","ake@reefmaster.ch","ake",1415474819,1415474819,1,10,"www.reefmaster.ch","fish-guts@reefmaster.ch",NULL,0,1,0,1,1,2,"ntr",0);
INSERT INTO NICKS 
	(NICKNAME,PASSWORD,MASK,REALNAME,LAST_SEEN,REGISTERED,HIDEMAIL,MEMOMAX,URL,EMAIL,MFORWARD_TO,MFORWARD,NOOP,NOMEMO,AUTH_CHAN,AUTH_NOTIFY,PROTECT,MLOCK,MNOTIFY)
	VALUES("Adler","hoppus123","adler@reefmaster.ch","Adler",1415474819,1415474819,1,10,"www.reefmaster.ch","fish-guts@reefmaster.ch",NULL,0,1,0,1,1,2,"ntr",0);
INSERT INTO NICKS 
	(NICKNAME,PASSWORD,MASK,REALNAME,LAST_SEEN,REGISTERED,HIDEMAIL,MEMOMAX,URL,EMAIL,MFORWARD_TO,MFORWARD,NOOP,NOMEMO,AUTH_CHAN,AUTH_NOTIFY,PROTECT,MLOCK,MNOTIFY)
	VALUES("rockoli","hoppus123","rockoli@reefmaster.ch","rockoli",1415474819,1415474819,1,10,"www.reefmaster.ch","fish-guts@reefmaster.ch",NULL,0,1,0,1,1,2,"ntr",0);
INSERT INTO NICKS 
	(NICKNAME,PASSWORD,MASK,REALNAME,LAST_SEEN,REGISTERED,HIDEMAIL,MEMOMAX,URL,EMAIL,MFORWARD_TO,MFORWARD,NOOP,NOMEMO,AUTH_CHAN,AUTH_NOTIFY,PROTECT,MLOCK,MNOTIFY)
	VALUES("Atlas","hoppus123","Atlas@reefmaster.ch","Atlas",1415474819,1415474819,1,10,"www.reefmaster.ch","fish-guts@reefmaster.ch",NULL,0,1,0,1,1,2,"ntr",0);
INSERT INTO NICKS 
	(NICKNAME,PASSWORD,MASK,REALNAME,LAST_SEEN,REGISTERED,HIDEMAIL,MEMOMAX,URL,EMAIL,MFORWARD_TO,MFORWARD,NOOP,NOMEMO,AUTH_CHAN,AUTH_NOTIFY,PROTECT,MLOCK,MNOTIFY)
	VALUES("Carol","hoppus123","carol@reefmaster.ch","Carol",1415474819,1415474819,1,10,"www.reefmaster.ch","fish-guts@reefmaster.ch",NULL,0,1,0,1,1,2,"ntr",0);
INSERT INTO NICKS 
(NICKNAME,PASSWORD,MASK,REALNAME,LAST_SEEN,REGISTERED,HIDEMAIL,MEMOMAX,URL,EMAIL,MFORWARD_TO,MFORWARD,NOOP,NOMEMO,AUTH_CHAN,AUTH_NOTIFY,PROTECT,MLOCK,MNOTIFY)
	VALUES("red-dog","hoppus123","red-dog@reefmaster.ch","Carol",1415474819,1415474819,1,10,"www.reefmaster.ch","fish-guts@reefmaster.ch",NULL,0,1,0,1,1,2,"ntr",0);
INSERT INTO NICKS 
(NICKNAME,PASSWORD,MASK,REALNAME,LAST_SEEN,REGISTERED,HIDEMAIL,MEMOMAX,URL,EMAIL,MFORWARD_TO,MFORWARD,NOOP,NOMEMO,AUTH_CHAN,AUTH_NOTIFY,PROTECT,MLOCK,MNOTIFY)
	VALUES("moendli","hoppus123","moendli@reefmaster.ch","Carol",1415474819,1415474819,1,10,"www.reefmaster.ch","fish-guts@reefmaster.ch",NULL,0,1,0,1,1,2,"ntr",0);
INSERT INTO NICKS 
(NICKNAME,PASSWORD,MASK,REALNAME,LAST_SEEN,REGISTERED,HIDEMAIL,MEMOMAX,URL,EMAIL,MFORWARD_TO,MFORWARD,NOOP,NOMEMO,AUTH_CHAN,AUTH_NOTIFY,PROTECT,MLOCK,MNOTIFY)
	VALUES("opso","hoppus123","opso@reefmaster.ch","Carol",1415474819,1415474819,1,10,"www.reefmaster.ch","fish-guts@reefmaster.ch",NULL,0,1,0,1,1,2,"ntr",0);
INSERT INTO NICKS 
(NICKNAME,PASSWORD,MASK,REALNAME,LAST_SEEN,REGISTERED,HIDEMAIL,MEMOMAX,URL,EMAIL,MFORWARD_TO,MFORWARD,NOOP,NOMEMO,AUTH_CHAN,AUTH_NOTIFY,PROTECT,MLOCK,MNOTIFY)
	VALUES("bucky","hoppus123","bucky@reefmaster.ch","Carol",1415474819,1415474819,1,10,"www.reefmaster.ch","fish-guts@reefmaster.ch",NULL,0,1,0,1,1,2,"ntr",0);
INSERT INTO NICKS 
(NICKNAME,PASSWORD,MASK,REALNAME,LAST_SEEN,REGISTERED,HIDEMAIL,MEMOMAX,URL,EMAIL,MFORWARD_TO,MFORWARD,NOOP,NOMEMO,AUTH_CHAN,AUTH_NOTIFY,PROTECT,MLOCK,MNOTIFY)
	VALUES("Carol","hoppus123","bucky@reefmaster.ch","Carol",1415474819,1415474819,1,10,"www.reefmaster.ch","fish-guts@reefmaster.ch",NULL,0,1,0,1,1,2,"ntr",0);
INSERT INTO NICKS 
(NICKNAME,PASSWORD,MASK,REALNAME,LAST_SEEN,REGISTERED,HIDEMAIL,MEMOMAX,URL,EMAIL,MFORWARD_TO,MFORWARD,NOOP,NOMEMO,AUTH_CHAN,AUTH_NOTIFY,PROTECT,MLOCK,MNOTIFY)
	VALUES("Pazzolina","hoppus123","pazzolina@reefmaster.ch","Carol",1415474819,1415474819,1,10,"www.reefmaster.ch","fish-guts@reefmaster.ch",NULL,0,1,0,1,1,2,"ntr",0);
INSERT INTO NICKS 
(NICKNAME,PASSWORD,MASK,REALNAME,LAST_SEEN,REGISTERED,HIDEMAIL,MEMOMAX,URL,EMAIL,MFORWARD_TO,MFORWARD,NOOP,NOMEMO,AUTH_CHAN,AUTH_NOTIFY,PROTECT,MLOCK,MNOTIFY)
	VALUES("liesel","hoppus123","liesel@reefmaster.ch","Carol",1415474819,1415474819,1,10,"www.reefmaster.ch","fish-guts@reefmaster.ch",NULL,0,1,0,1,1,2,"ntr",0);
INSERT INTO NICKS 
(NICKNAME,PASSWORD,MASK,REALNAME,LAST_SEEN,REGISTERED,HIDEMAIL,MEMOMAX,URL,EMAIL,MFORWARD_TO,MFORWARD,NOOP,NOMEMO,AUTH_CHAN,AUTH_NOTIFY,PROTECT,MLOCK,MNOTIFY)
	VALUES("Xenon","hoppus123","xenon@reefmaster.ch","Carol",1415474819,1415474819,1,10,"www.reefmaster.ch","fish-guts@reefmaster.ch",NULL,0,1,0,1,1,2,"ntr",0);
INSERT INTO NICKS 
(NICKNAME,PASSWORD,MASK,REALNAME,LAST_SEEN,REGISTERED,HIDEMAIL,MEMOMAX,URL,EMAIL,MFORWARD_TO,MFORWARD,NOOP,NOMEMO,AUTH_CHAN,AUTH_NOTIFY,PROTECT,MLOCK,MNOTIFY)
	VALUES("Sting","hoppus123","Sting@reefmaster.ch","Carol",1415474819,1415474819,1,10,"www.reefmaster.ch","fish-guts@reefmaster.ch",NULL,0,1,0,1,1,2,"ntr",0);



-- Acc level flagged (used in lists to see what access level the adding nick has
INSERT INTO ACC_LEVEL (NAME) VALUES("1");
INSERT INTO ACC_LEVEL (NAME) VALUES("2");
INSERT INTO ACC_LEVEL (NAME) VALUES("3");
INSERT INTO ACC_LEVEL (NAME) VALUES("4");
INSERT INTO ACC_LEVEL (NAME) VALUES("5");
INSERT INTO ACC_LEVEL (NAME) VALUES("6");
INSERT INTO ACC_LEVEL (NAME) VALUES("7");
INSERT INTO ACC_LEVEL (NAME) VALUES("8");
INSERT INTO ACC_LEVEL (NAME) VALUES("9");
INSERT INTO ACC_LEVEL (NAME) VALUES("ServiceRootAdmin");

INSERT INTO OP_TYPE (NAME) VALUES("Uop");
INSERT INTO OP_TYPE (NAME) VALUES("Vop");
INSERT INTO OP_TYPE (NAME) VALUES("Hop");
INSERT INTO OP_TYPE (NAME) VALUES("Aop");
INSERT INTO OP_TYPE (NAME) VALUES("Sop");
INSERT INTO OP_TYPE (NAME) VALUES("Admin");
INSERT INTO OP_TYPE (NAME) VALUES("Owner");
INSERT INTO OP_TYPE (NAME) VALUES("Successor");
INSERT INTO OP_TYPE (NAME) VALUES("Founder");


INSERT INTO CS_AKICK (CHAN,MASK,ADDED_BY,ADDED_BY_ACC,ADDED_ON,REASON) VALUES (1,"BluePanther!*@*.bluewin.ch","Fish-Guts",13,1415474819,"You are banned for misbehaving");
INSERT INTO CS_AKICK (CHAN,MASK,ADDED_BY,ADDED_BY_ACC,ADDED_ON,REASON) VALUES (1,"SilverBird!*@*.bluewin.ch","Fish-Guts",13,1415474819,"You are banned for misbehaving");
INSERT INTO CS_AKICK (CHAN,MASK,ADDED_BY,ADDED_BY_ACC,ADDED_ON,REASON) VALUES (1,"stskeeps!*@*.verizon.com","Fish-Guts",13,1415474819,"You are banned for misbehaving");
INSERT INTO CS_AKICK (CHAN,MASK,ADDED_BY,ADDED_BY_ACC,ADDED_ON,REASON) VALUES (1,"alfred!*@*.redwave.route0.net","Fish-Guts",13,1415474819,"You are banned for misbehaving");
INSERT INTO CS_AKICK (CHAN,MASK,ADDED_BY,ADDED_BY_ACC,ADDED_ON,REASON) VALUES (1,"aka*!*@*.bluewin.ch","Fish-Guts",13,1415474819,"You are banned for misbehaving");
INSERT INTO CS_AKICK (CHAN,MASK,ADDED_BY,ADDED_BY_ACC,ADDED_ON,REASON) VALUES (1,"pilz!*@*.bluewin.ch","Fish-Guts",13,1415474819,"You are banned for misbehaving");
INSERT INTO CS_AKICK (CHAN,MASK,ADDED_BY,ADDED_BY_ACC,ADDED_ON,REASON) VALUES (1,"foo!*@*.bluewin.ch","Fish-Guts",13,1415474819,"You are banned for misbehaving");
INSERT INTO CS_AKICK (CHAN,MASK,ADDED_BY,ADDED_BY_ACC,ADDED_ON,REASON) VALUES (1,"bar!*@*.bluewin.ch","Fish-Guts",13,1415474819,"You are banned for misbehaving");
INSERT INTO CS_AKICK (CHAN,MASK,ADDED_BY,ADDED_BY_ACC,ADDED_ON,REASON) VALUES (2,"BluePanther!*@*.bluewin.ch","FG",5,1415474819,"You are banned for misbehaving");
INSERT INTO CS_AKICK (CHAN,MASK,ADDED_BY,ADDED_BY_ACC,ADDED_ON,REASON) VALUES (2,"SilverBird!*@*.bluewin.ch","ventura",4,1415474819,"You are banned for misbehaving");
INSERT INTO CS_AKICK (CHAN,MASK,ADDED_BY,ADDED_BY_ACC,ADDED_ON,REASON) VALUES (2,"aka*!*@*.bluewin.ch","Jamc",4,1415474819,"You are banned for misbehaving");
INSERT INTO CS_AKICK (CHAN,MASK,ADDED_BY,ADDED_BY_ACC,ADDED_ON,REASON) VALUES (3,"BluePanther!*@*.bluewin.ch","V",4,1415474819,"You are banned for misbehaving");
INSERT INTO CS_AKICK (CHAN,MASK,ADDED_BY,ADDED_BY_ACC,ADDED_ON,REASON) VALUES (3,"chuckyB!*@*.hispeed.ch","V",4,1415474819,"You are banned for misbehaving");
INSERT INTO CS_AKICK (CHAN,MASK,ADDED_BY,ADDED_BY_ACC,ADDED_ON,REASON) VALUES (3,"SilverBird!*@*.bluewin.ch","V",4,1415474819,"You are banned for misbehaving");
INSERT INTO CS_AKICK (CHAN,MASK,ADDED_BY,ADDED_BY_ACC,ADDED_ON,REASON) VALUES (4,"BluePanther!*@*.bluewin.ch","CgIMan",13,1415474819,"You are banned for misbehaving");
INSERT INTO CS_AKICK (CHAN,MASK,ADDED_BY,ADDED_BY_ACC,ADDED_ON,REASON) VALUES (4,"chuckyB!*@*.hispeed.ch","CgIMan",13,1415474819,"You are banned for misbehaving");
INSERT INTO CS_AKICK (CHAN,MASK,ADDED_BY,ADDED_BY_ACC,ADDED_ON,REASON) VALUES (4,"SilverBird!*@*.bluewin.ch","CgIMan",13,1415474819,"You are banned for misbehaving");
INSERT INTO CS_AKICK (CHAN,MASK,ADDED_BY,ADDED_BY_ACC,ADDED_ON,REASON) VALUES (5,"BluePanther!*@*.bluewin.ch","FG",5,1415474819,"You are banned for misbehaving");
INSERT INTO CS_AKICK (CHAN,MASK,ADDED_BY,ADDED_BY_ACC,ADDED_ON,REASON) VALUES (5,"chuckyB!*@*.bluewin.ch","FG",5,1415474819,"You are banned for misbehaving");
INSERT INTO CS_AKICK (CHAN,MASK,ADDED_BY,ADDED_BY_ACC,ADDED_ON,REASON) VALUES (5,"poltergeist!*@*.hispeed.ch","FG",5,1415474819,"You are banned for misbehaving");
INSERT INTO CS_AKICK (CHAN,MASK,ADDED_BY,ADDED_BY_ACC,ADDED_ON,REASON) VALUES (5,"aka*!*@*.bluewin.ch","FG",5,1415474819,"You are banned for misbehaving");
INSERT INTO CS_AKICK (CHAN,MASK,ADDED_BY,ADDED_BY_ACC,ADDED_ON,REASON) VALUES (6,"chuckyB!*@*.bluewin.ch","FG",5,1415474819,"You are banned for misbehaving");
INSERT INTO CS_AKICK (CHAN,MASK,ADDED_BY,ADDED_BY_ACC,ADDED_ON,REASON) VALUES (6,"BluePanther!*@*.bluewin.ch","Jamc",4,1415474819,"You are banned for misbehaving");
INSERT INTO CS_AKICK (CHAN,MASK,ADDED_BY,ADDED_BY_ACC,ADDED_ON,REASON) VALUES (7,"BluePanther!*@*.bluewin.ch","Jamc",4,1415474819,"You are banned for misbehaving");
INSERT INTO CS_AKICK (CHAN,MASK,ADDED_BY,ADDED_BY_ACC,ADDED_ON,REASON) VALUES (7,"chuckyB!*@*.bluewin.ch","Jamc",4,1415474819,"You are banned for misbehaving");
INSERT INTO CS_AKICK (CHAN,MASK,ADDED_BY,ADDED_BY_ACC,ADDED_ON,REASON) VALUES (7,"SilverBird!*@*.bluewin.ch","Jamc",4,1415474819,"You are banned for misbehaving");
INSERT INTO CS_AKICK (CHAN,MASK,ADDED_BY,ADDED_BY_ACC,ADDED_ON,REASON) VALUES (7,"aka*!*@*.bluewin.ch","ventura",4,1415474819,"You are banned for misbehaving");
INSERT INTO CS_AKICK (CHAN,MASK,ADDED_BY,ADDED_BY_ACC,ADDED_ON,REASON) VALUES (8,"BluePanther!*@*.bluewin.ch","Fish-Guts",13,1415474819,"You are banned for misbehaving");
INSERT INTO CS_AKICK (CHAN,MASK,ADDED_BY,ADDED_BY_ACC,ADDED_ON,REASON) VALUES (8,"chuckyB!*@*.bluewin.ch","Fish-Guts",13,1415474819,"You are banned for misbehaving");
INSERT INTO CS_AKICK (CHAN,MASK,ADDED_BY,ADDED_BY_ACC,ADDED_ON,REASON) VALUES (8,"SilverBird!*@*.bluewin.ch","Fish-Guts",13,1415474819,"You are banned for misbehaving");
INSERT INTO CS_AKICK (CHAN,MASK,ADDED_BY,ADDED_BY_ACC,ADDED_ON,REASON) VALUES (8,"pinopierre!*@*.bluewin.ch","Fish-Guts",13,1415474819,"You are banned for misbehaving");
INSERT INTO CS_AKICK (CHAN,MASK,ADDED_BY,ADDED_BY_ACC,ADDED_ON,REASON) VALUES (9,"BluePanther!*@*.bluewin.ch","Fish-Guts",13,1415474819,"You are banned for misbehaving");
INSERT INTO CS_AKICK (CHAN,MASK,ADDED_BY,ADDED_BY_ACC,ADDED_ON,REASON) VALUES (9,"SilverBird!*@*.bluewin.ch","Fish-Guts",13,1415474819,"You are banned for misbehaving");
INSERT INTO CS_AKICK (CHAN,MASK,ADDED_BY,ADDED_BY_ACC,ADDED_ON,REASON) VALUES (10,"BluePanther!*@*.bluewin.ch","Fish-Guts",13,1415474819,"You are banned for misbehaving");
INSERT INTO CS_AKICK (CHAN,MASK,ADDED_BY,ADDED_BY_ACC,ADDED_ON,REASON) VALUES (10,"chuckyB!*@*.bluewin.ch","Fish-Guts",13,1415474819,"You are banned for misbehaving");
INSERT INTO CS_AKICK (CHAN,MASK,ADDED_BY,ADDED_BY_ACC,ADDED_ON,REASON) VALUES (10,"SilverBird!*@*.bluewin.ch","Fish-Guts",13,1415474819,"You are banned for misbehaving");
INSERT INTO CS_AKICK (CHAN,MASK,ADDED_BY,ADDED_BY_ACC,ADDED_ON,REASON) VALUES (10,"pinopierre!*@*.bluewin.ch","Fish-Guts",13,1415474819,"You are banned for misbehaving");
INSERT INTO CS_AKICK (CHAN,MASK,ADDED_BY,ADDED_BY_ACC,ADDED_ON,REASON) VALUES (10,"aka*!*@*.bluewin.ch","Fish-Guts",13,1415474819,"You are banned for misbehaving");
INSERT INTO CS_AKICK (CHAN,MASK,ADDED_BY,ADDED_BY_ACC,ADDED_ON,REASON) VALUES (10,"tripolis!*@*.bluewin.ch","Fish-Guts",13,1415474819,"You are banned for misbehaving");
INSERT INTO CS_AKICK (CHAN,MASK,ADDED_BY,ADDED_BY_ACC,ADDED_ON,REASON) VALUES (11,"BluePanther!*@*.bluewin.ch","Fish-Guts",13,1415474819,"You are banned for misbehaving");
INSERT INTO CS_AKICK (CHAN,MASK,ADDED_BY,ADDED_BY_ACC,ADDED_ON,REASON) VALUES (11,"chuckyB!*@*.bluewin.ch","Fish-Guts",13,1415474819,"You are banned for misbehaving");
INSERT INTO CS_AKICK (CHAN,MASK,ADDED_BY,ADDED_BY_ACC,ADDED_ON,REASON) VALUES (11,"SilverBird!*@*.bluewin.ch","Fish-Guts",13,1415474819,"You are banned for misbehaving");




INSERT INTO CHANS
(NAME,PASSWORD,DESCRIPTION,TIME_REG,AOP_ENABLED,HOP_ENABLED,SOP_ENABLED,UOP_ENABLED,VOP_ENABLED,ADMIN_ENABLED,OWNER_ENABLED,BOT,FOUNDER,SUCCESSOR,
   MLOCK,TOPIC,RESTRICTED,KEEPTOPIC,AUTOVOP,MEMOLEVEL,LEAVEOPS,OPWATCH,URL,TOPICLOCK)
VALUES("#ircops","hoppus123","The IRC Operator Channel",1415474819,1,1,1,1,1,1,1,1,1,2,"ertn-k","Hallo",0,1,0,4,1,1,"www.ircops.ch",3);

INSERT INTO CHANS
(NAME,PASSWORD,DESCRIPTION,TIME_REG,AOP_ENABLED,HOP_ENABLED,SOP_ENABLED,UOP_ENABLED,VOP_ENABLED,ADMIN_ENABLED,OWNER_ENABLED,BOT,FOUNDER,SUCCESSOR,
   MLOCK,TOPIC,RESTRICTED,KEEPTOPIC,AUTOVOP,MEMOLEVEL,LEAVEOPS,OPWATCH,URL,TOPICLOCK)
VALUES("#cservice","hoppus123","Operator Service",1415474819,1,1,1,1,1,1,1,1,4,1,"ertn-k","Hallo",0,1,0,4,1,1,"www.ircops.ch",3);

INSERT INTO CHANS
(NAME,PASSWORD,DESCRIPTION,TIME_REG,AOP_ENABLED,HOP_ENABLED,SOP_ENABLED,UOP_ENABLED,VOP_ENABLED,ADMIN_ENABLED,OWNER_ENABLED,BOT,FOUNDER,SUCCESSOR,
   MLOCK,TOPIC,RESTRICTED,KEEPTOPIC,AUTOVOP,MEMOLEVEL,LEAVEOPS,OPWATCH,URL,TOPICLOCK)
VALUES("#schaffhausen","hoppus123","Schaffhausen",1415474819,1,1,1,1,1,1,1,1,2,3,"ertn-k","Hallo",0,1,0,4,1,1,"www.ircops.ch",3);

INSERT INTO CHANS
(NAME,PASSWORD,DESCRIPTION,TIME_REG,AOP_ENABLED,HOP_ENABLED,SOP_ENABLED,UOP_ENABLED,VOP_ENABLED,ADMIN_ENABLED,OWNER_ENABLED,BOT,FOUNDER,SUCCESSOR,
   MLOCK,TOPIC,RESTRICTED,KEEPTOPIC,AUTOVOP,MEMOLEVEL,LEAVEOPS,OPWATCH,URL,TOPICLOCK)
VALUES("#zuerich","hoppus123","Operator Service",1415474819,1,1,1,1,1,1,1,1,1,3,"ertn-k","Hallo",0,1,0,4,1,1,"www.ircops.ch",3);

INSERT INTO CHANS
(NAME,PASSWORD,DESCRIPTION,TIME_REG,AOP_ENABLED,HOP_ENABLED,SOP_ENABLED,UOP_ENABLED,VOP_ENABLED,ADMIN_ENABLED,OWNER_ENABLED,BOT,FOUNDER,SUCCESSOR,
   MLOCK,TOPIC,RESTRICTED,KEEPTOPIC,AUTOVOP,MEMOLEVEL,LEAVEOPS,OPWATCH,URL,TOPICLOCK)
VALUES("#linux","hoppus123","for Linux Fans",1415474819,1,1,1,1,1,1,1,1,1,NULL,"ertn-k","Hallo",0,1,0,4,1,1,"www.ircops.ch",3);

INSERT INTO CHANS
(NAME,PASSWORD,DESCRIPTION,TIME_REG,AOP_ENABLED,HOP_ENABLED,SOP_ENABLED,UOP_ENABLED,VOP_ENABLED,ADMIN_ENABLED,OWNER_ENABLED,BOT,FOUNDER,SUCCESSOR,
   MLOCK,TOPIC,RESTRICTED,KEEPTOPIC,AUTOVOP,MEMOLEVEL,LEAVEOPS,OPWATCH,URL,TOPICLOCK)
VALUES("#counter-strike","hoppus123","CS",1415474819,1,1,1,1,1,1,1,1,1,NULL,"ertn-k","Hallo",0,1,0,4,1,1,"www.ircops.ch",3);

INSERT INTO CHANS
(NAME,PASSWORD,DESCRIPTION,TIME_REG,AOP_ENABLED,HOP_ENABLED,SOP_ENABLED,UOP_ENABLED,VOP_ENABLED,ADMIN_ENABLED,OWNER_ENABLED,BOT,FOUNDER,SUCCESSOR,
   MLOCK,TOPIC,RESTRICTED,KEEPTOPIC,AUTOVOP,MEMOLEVEL,LEAVEOPS,OPWATCH,URL,TOPICLOCK)
VALUES("#basel","hoppus123","Basel",1415474819,1,1,1,1,1,1,1,1,1,NULL,"ertn-k","Hallo",0,1,0,4,1,1,"www.ircops.ch",3);

INSERT INTO CHANS
(NAME,PASSWORD,DESCRIPTION,TIME_REG,AOP_ENABLED,HOP_ENABLED,SOP_ENABLED,UOP_ENABLED,VOP_ENABLED,ADMIN_ENABLED,OWNER_ENABLED,BOT,FOUNDER,SUCCESSOR,
   MLOCK,TOPIC,RESTRICTED,KEEPTOPIC,AUTOVOP,MEMOLEVEL,LEAVEOPS,OPWATCH,URL,TOPICLOCK)
VALUES("#zug","hoppus123","Zug",1415474819,1,1,1,1,1,1,1,1,1,NULL,"ertn-k","Hallo",0,1,0,4,1,1,"www.ircops.ch",3);

INSERT INTO CHANS
(NAME,PASSWORD,DESCRIPTION,TIME_REG,AOP_ENABLED,HOP_ENABLED,SOP_ENABLED,UOP_ENABLED,VOP_ENABLED,ADMIN_ENABLED,OWNER_ENABLED,BOT,FOUNDER,SUCCESSOR,
   MLOCK,TOPIC,RESTRICTED,KEEPTOPIC,AUTOVOP,MEMOLEVEL,LEAVEOPS,OPWATCH,URL,TOPICLOCK)
VALUES("#thurgau","hoppus123","Thurgau",1415474819,1,1,1,1,1,1,1,1,1,NULL,"ertn-k","Hallo",0,1,0,4,1,1,"www.ircops.ch",3);

INSERT INTO CHANS
(NAME,PASSWORD,DESCRIPTION,TIME_REG,AOP_ENABLED,HOP_ENABLED,SOP_ENABLED,UOP_ENABLED,VOP_ENABLED,ADMIN_ENABLED,OWNER_ENABLED,BOT,FOUNDER,SUCCESSOR,
   MLOCK,TOPIC,RESTRICTED,KEEPTOPIC,AUTOVOP,MEMOLEVEL,LEAVEOPS,OPWATCH,URL,TOPICLOCK)
VALUES("#stgallen","hoppus123","St. Gallen",1415474819,1,1,1,1,1,1,1,1,1,NULL,"ertn-k","Hallo",0,1,0,4,1,1,"www.ircops.ch",4);

INSERT INTO CHANS
(NAME,PASSWORD,DESCRIPTION,TIME_REG,AOP_ENABLED,HOP_ENABLED,SOP_ENABLED,UOP_ENABLED,VOP_ENABLED,ADMIN_ENABLED,OWNER_ENABLED,BOT,FOUNDER,SUCCESSOR,
   MLOCK,TOPIC,RESTRICTED,KEEPTOPIC,AUTOVOP,MEMOLEVEL,LEAVEOPS,OPWATCH,URL,TOPICLOCK)
VALUES("#aargau","hoppus123","Aargau",1415474819,1,1,1,1,1,1,1,1,1,NULL,"ertn-k","Hallo",0,1,0,4,1,1,"www.ircops.ch",3);

INSERT INTO CHANS
(NAME,PASSWORD,DESCRIPTION,TIME_REG,AOP_ENABLED,HOP_ENABLED,SOP_ENABLED,UOP_ENABLED,VOP_ENABLED,ADMIN_ENABLED,OWNER_ENABLED,BOT,FOUNDER,SUCCESSOR,
   MLOCK,TOPIC,RESTRICTED,KEEPTOPIC,AUTOVOP,MEMOLEVEL,LEAVEOPS,OPWATCH,URL,TOPICLOCK)
VALUES("#flirt20plus","hoppus123","flirt 20 plus",1415474819,1,1,1,1,1,1,1,1,1,NULL,"ertn-k","Hallo",0,1,0,4,1,1,"www.ircops.ch",6);

INSERT INTO CHANS
(NAME,PASSWORD,DESCRIPTION,TIME_REG,AOP_ENABLED,HOP_ENABLED,SOP_ENABLED,UOP_ENABLED,VOP_ENABLED,ADMIN_ENABLED,OWNER_ENABLED,BOT,FOUNDER,SUCCESSOR,
   MLOCK,TOPIC,RESTRICTED,KEEPTOPIC,AUTOVOP,MEMOLEVEL,LEAVEOPS,OPWATCH,URL,TOPICLOCK)
VALUES("#flirt30plus","hoppus123","flirt 30 plus",1415474819,1,1,1,1,1,1,1,1,1,NULL,"ertn-k","Hallo",0,1,0,4,1,1,"www.ircops.ch",5);

INSERT INTO CHANS
(NAME,PASSWORD,DESCRIPTION,TIME_REG,AOP_ENABLED,HOP_ENABLED,SOP_ENABLED,UOP_ENABLED,VOP_ENABLED,ADMIN_ENABLED,OWNER_ENABLED,BOT,FOUNDER,SUCCESSOR,
   MLOCK,TOPIC,RESTRICTED,KEEPTOPIC,AUTOVOP,MEMOLEVEL,LEAVEOPS,OPWATCH,URL,TOPICLOCK)
VALUES("#flirt40plus","hoppus123","flirt 40 plus",1415474819,1,1,1,1,1,1,1,1,1,NULL,"ertn-k","Hallo",0,1,0,4,1,1,"www.ircops.ch",5);


-- Level 1 Uop 2 Vop 3 Hop 4 Aop 5 Sop 6 Successor 7 Founder
-- Added by Level 1 Access Entry in Aop, 2 Aop, 3 Access in Sop, 4 Sop, 
-- 5 access in successor  6 successor 7 access in founder 8 founder 
-- 9 ServiceRootAdmin

-- #ircops
INSERT INTO OP_LIST (TYPE,NICK,CHAN,ADDED_BY,ADDED_BY_ACC,ADDED_ON) VALUES (7,1,1,"Fish-Guts",9,1415474819);
INSERT INTO OP_LIST (TYPE,NICK,CHAN,ADDED_BY,ADDED_BY_ACC,ADDED_ON) VALUES (6,2,1,"Fish-Guts",9,1415474819);
INSERT INTO OP_LIST (TYPE,NICK,CHAN,ADDED_BY,ADDED_BY_ACC,ADDED_ON) VALUES (5,3,1,"Fish-Guts",9,1415474819);
INSERT INTO OP_LIST (TYPE,NICK,CHAN,ADDED_BY,ADDED_BY_ACC,ADDED_ON) VALUES (5,4,1,"Fish-Guts",9,1415474819);
INSERT INTO OP_LIST (TYPE,NICK,CHAN,ADDED_BY,ADDED_BY_ACC,ADDED_ON) VALUES (5,5,1,"FG",7,1415474819);
INSERT INTO OP_LIST (TYPE,NICK,CHAN,ADDED_BY,ADDED_BY_ACC,ADDED_ON) VALUES (4,9,1,"ventura",4,1415474819);
INSERT INTO OP_LIST (TYPE,NICK,CHAN,ADDED_BY,ADDED_BY_ACC,ADDED_ON) VALUES (4,11,1,"Jamc",5,1415474819);
INSERT INTO OP_LIST (TYPE,NICK,CHAN,ADDED_BY,ADDED_BY_ACC,ADDED_ON) VALUES (4,12,1,"Fish-Guts",9,1415474819);
INSERT INTO OP_LIST (TYPE,NICK,CHAN,ADDED_BY,ADDED_BY_ACC,ADDED_ON) VALUES (4,13,1,"FG",7,1415474819);
INSERT INTO OP_LIST (TYPE,NICK,CHAN,ADDED_BY,ADDED_BY_ACC,ADDED_ON) VALUES (4,14,1,"FG",7,1415474819);
INSERT INTO OP_LIST (TYPE,NICK,CHAN,ADDED_BY,ADDED_BY_ACC,ADDED_ON) VALUES (4,15,1,"Jamc",5,1415474819);
INSERT INTO OP_LIST (TYPE,NICK,CHAN,ADDED_BY,ADDED_BY_ACC,ADDED_ON) VALUES (4,16,1,"FG",7,1415474819);
INSERT INTO OP_LIST (TYPE,NICK,CHAN,ADDED_BY,ADDED_BY_ACC,ADDED_ON) VALUES (4,17,1,"Fish-Guts",9,1415474819);
INSERT INTO OP_LIST (TYPE,NICK,CHAN,ADDED_BY,ADDED_BY_ACC,ADDED_ON) VALUES (3,18,1,"Jamc",5,1415474819);
INSERT INTO OP_LIST (TYPE,NICK,CHAN,ADDED_BY,ADDED_BY_ACC,ADDED_ON) VALUES (3,19,1,"CgIMaN",5,1415474819);
INSERT INTO OP_LIST (TYPE,NICK,CHAN,ADDED_BY,ADDED_BY_ACC,ADDED_ON) VALUES (2,20,1,"waterlily",2,1415474819);
INSERT INTO OP_LIST (TYPE,NICK,CHAN,ADDED_BY,ADDED_BY_ACC,ADDED_ON) VALUES (2,21,1,"FG",7,1415474819);

-- #cservice

INSERT INTO OP_LIST (TYPE,NICK,CHAN,ADDED_BY,ADDED_BY_ACC,ADDED_ON) VALUES (7,4,2,"ventura",9,1415474819);
INSERT INTO OP_LIST (TYPE,NICK,CHAN,ADDED_BY,ADDED_BY_ACC,ADDED_ON) VALUES (6,1,2,"ventura",9,1415474819);
INSERT INTO OP_LIST (TYPE,NICK,CHAN,ADDED_BY,ADDED_BY_ACC,ADDED_ON) VALUES (5,3,2,"Fish-Guts",9,1415474819);
INSERT INTO OP_LIST (TYPE,NICK,CHAN,ADDED_BY,ADDED_BY_ACC,ADDED_ON) VALUES (5,4,2,"Fish-Guts",9,1415474819);
INSERT INTO OP_LIST (TYPE,NICK,CHAN,ADDED_BY,ADDED_BY_ACC,ADDED_ON) VALUES (5,5,2,"FG",7,1415474819);
INSERT INTO OP_LIST (TYPE,NICK,CHAN,ADDED_BY,ADDED_BY_ACC,ADDED_ON) VALUES (4,9,2,"ventura",4,1415474819);
INSERT INTO OP_LIST (TYPE,NICK,CHAN,ADDED_BY,ADDED_BY_ACC,ADDED_ON) VALUES (4,11,2,"Jamc",5,1415474819);
INSERT INTO OP_LIST (TYPE,NICK,CHAN,ADDED_BY,ADDED_BY_ACC,ADDED_ON) VALUES (4,12,2,"Fish-Guts",9,1415474819);
INSERT INTO OP_LIST (TYPE,NICK,CHAN,ADDED_BY,ADDED_BY_ACC,ADDED_ON) VALUES (4,13,2,"FG",7,1415474819);
INSERT INTO OP_LIST (TYPE,NICK,CHAN,ADDED_BY,ADDED_BY_ACC,ADDED_ON) VALUES (4,14,2,"FG",7,1415474819);
INSERT INTO OP_LIST (TYPE,NICK,CHAN,ADDED_BY,ADDED_BY_ACC,ADDED_ON) VALUES (4,27,2,"Jamc",5,1415474819);
INSERT INTO OP_LIST (TYPE,NICK,CHAN,ADDED_BY,ADDED_BY_ACC,ADDED_ON) VALUES (4,16,2,"FG",7,1415474819);
INSERT INTO OP_LIST (TYPE,NICK,CHAN,ADDED_BY,ADDED_BY_ACC,ADDED_ON) VALUES (4,17,2,"Fish-Guts",9,1415474819);
INSERT INTO OP_LIST (TYPE,NICK,CHAN,ADDED_BY,ADDED_BY_ACC,ADDED_ON) VALUES (3,18,2,"Jamc",5,1415474819);
INSERT INTO OP_LIST (TYPE,NICK,CHAN,ADDED_BY,ADDED_BY_ACC,ADDED_ON) VALUES (3,15,2,"CgIMaN",5,1415474819);
INSERT INTO OP_LIST (TYPE,NICK,CHAN,ADDED_BY,ADDED_BY_ACC,ADDED_ON) VALUES (2,24,2,"waterlily",2,1415474819);
INSERT INTO OP_LIST (TYPE,NICK,CHAN,ADDED_BY,ADDED_BY_ACC,ADDED_ON) VALUES (2,25,2,"FG",7,1415474819);

-- #schaffhausen

INSERT INTO OP_LIST (TYPE,NICK,CHAN,ADDED_BY,ADDED_BY_ACC,ADDED_ON) VALUES (7,2,3,"FG",9,1415474819);
INSERT INTO OP_LIST (TYPE,NICK,CHAN,ADDED_BY,ADDED_BY_ACC,ADDED_ON) VALUES (6,3,3,"Jamc",9,1415474819);
INSERT INTO OP_LIST (TYPE,NICK,CHAN,ADDED_BY,ADDED_BY_ACC,ADDED_ON) VALUES (5,3,3,"Fish-Guts",9,1415474819);
INSERT INTO OP_LIST (TYPE,NICK,CHAN,ADDED_BY,ADDED_BY_ACC,ADDED_ON) VALUES (5,17,3,"Fish-Guts",9,1415474819);
INSERT INTO OP_LIST (TYPE,NICK,CHAN,ADDED_BY,ADDED_BY_ACC,ADDED_ON) VALUES (5,35,3,"FG",8,1415474819);
INSERT INTO OP_LIST (TYPE,NICK,CHAN,ADDED_BY,ADDED_BY_ACC,ADDED_ON) VALUES (4,16,3,"Earthworm",4,1415474819);
INSERT INTO OP_LIST (TYPE,NICK,CHAN,ADDED_BY,ADDED_BY_ACC,ADDED_ON) VALUES (4,20,3,"Xenon",5,1415474819);
INSERT INTO OP_LIST (TYPE,NICK,CHAN,ADDED_BY,ADDED_BY_ACC,ADDED_ON) VALUES (4,19,3,"Xenon",9,1415474819);
INSERT INTO OP_LIST (TYPE,NICK,CHAN,ADDED_BY,ADDED_BY_ACC,ADDED_ON) VALUES (4,15,3,"FG",8,1415474819);
INSERT INTO OP_LIST (TYPE,NICK,CHAN,ADDED_BY,ADDED_BY_ACC,ADDED_ON) VALUES (2,18,3,"Jamc",6,1415474819);
INSERT INTO OP_LIST (TYPE,NICK,CHAN,ADDED_BY,ADDED_BY_ACC,ADDED_ON) VALUES (2,21,3,"CgIMaN",5,1415474819);


-- #zuerich

INSERT INTO OP_LIST (TYPE,NICK,CHAN,ADDED_BY,ADDED_BY_ACC,ADDED_ON) VALUES (7,1,4,"Fish-Guts",9,1415474819);
INSERT INTO OP_LIST (TYPE,NICK,CHAN,ADDED_BY,ADDED_BY_ACC,ADDED_ON) VALUES (6,3,4,"Fish-Guts",9,1415474819);
INSERT INTO OP_LIST (TYPE,NICK,CHAN,ADDED_BY,ADDED_BY_ACC,ADDED_ON) VALUES (5,8,4,"Fish-Guts",9,1415474819);
INSERT INTO OP_LIST (TYPE,NICK,CHAN,ADDED_BY,ADDED_BY_ACC,ADDED_ON) VALUES (5,14,4,"Fish-Guts",9,1415474819);
INSERT INTO OP_LIST (TYPE,NICK,CHAN,ADDED_BY,ADDED_BY_ACC,ADDED_ON) VALUES (4,15,4,"Delfin",5,1415474819);
INSERT INTO OP_LIST (TYPE,NICK,CHAN,ADDED_BY,ADDED_BY_ACC,ADDED_ON) VALUES (4,18,4,"Delfin",5,1415474819);
INSERT INTO OP_LIST (TYPE,NICK,CHAN,ADDED_BY,ADDED_BY_ACC,ADDED_ON) VALUES (4,22,4,"FischerZH",5,1415474819);
INSERT INTO OP_LIST (TYPE,NICK,CHAN,ADDED_BY,ADDED_BY_ACC,ADDED_ON) VALUES (4,24,4,"FG",8,1415474819);
INSERT INTO OP_LIST (TYPE,NICK,CHAN,ADDED_BY,ADDED_BY_ACC,ADDED_ON) VALUES (4,32,4,"Jamc",6,1415474819);
INSERT INTO OP_LIST (TYPE,NICK,CHAN,ADDED_BY,ADDED_BY_ACC,ADDED_ON) VALUES (4,33,4,"FischerZH",5,1415474819);
INSERT INTO OP_LIST (TYPE,NICK,CHAN,ADDED_BY,ADDED_BY_ACC,ADDED_ON) VALUES (3,25,4,"FischerZH",5,1415474819);
INSERT INTO OP_LIST (TYPE,NICK,CHAN,ADDED_BY,ADDED_BY_ACC,ADDED_ON) VALUES (3,26,4,"Gargo",5,1415474819);
INSERT INTO OP_LIST (TYPE,NICK,CHAN,ADDED_BY,ADDED_BY_ACC,ADDED_ON) VALUES (2,13,4,"Gargo",5,1415474819);
INSERT INTO OP_LIST (TYPE,NICK,CHAN,ADDED_BY,ADDED_BY_ACC,ADDED_ON) VALUES (2,19,4,"Jamc",6,1415474819);



-- #linux

INSERT INTO OP_LIST (TYPE,NICK,CHAN,ADDED_BY,ADDED_BY_ACC,ADDED_ON) VALUES (7,1,5,"Fish-Guts",9,1415474819);
INSERT INTO OP_LIST (TYPE,NICK,CHAN,ADDED_BY,ADDED_BY_ACC,ADDED_ON) VALUES (5,5,5,"Fish-Guts",9,1415474819);
INSERT INTO OP_LIST (TYPE,NICK,CHAN,ADDED_BY,ADDED_BY_ACC,ADDED_ON) VALUES (4,15,5,"Fish-Guts",9,1415474819);
INSERT INTO OP_LIST (TYPE,NICK,CHAN,ADDED_BY,ADDED_BY_ACC,ADDED_ON) VALUES (4,18,5,"CgIMaN",5,1415474819);
INSERT INTO OP_LIST (TYPE,NICK,CHAN,ADDED_BY,ADDED_BY_ACC,ADDED_ON) VALUES (4,33,5,"CgIMaN",5,1415474819);
INSERT INTO OP_LIST (TYPE,NICK,CHAN,ADDED_BY,ADDED_BY_ACC,ADDED_ON) VALUES (3,32,5,"CgIMaN",5,1415474819);
INSERT INTO OP_LIST (TYPE,NICK,CHAN,ADDED_BY,ADDED_BY_ACC,ADDED_ON) VALUES (3,31,5,"CgIMaN",5,1415474819);
INSERT INTO OP_LIST (TYPE,NICK,CHAN,ADDED_BY,ADDED_BY_ACC,ADDED_ON) VALUES (2,30,5,"CgIMaN",5,1415474819);
INSERT INTO OP_LIST (TYPE,NICK,CHAN,ADDED_BY,ADDED_BY_ACC,ADDED_ON) VALUES (2,29,5,"CgIMaN",5,1415474819);



-- #counter-strike

INSERT INTO OP_LIST (TYPE,NICK,CHAN,ADDED_BY,ADDED_BY_ACC,ADDED_ON) VALUES (7,1,6,"Fish-Guts",9,1415474819);
INSERT INTO OP_LIST (TYPE,NICK,CHAN,ADDED_BY,ADDED_BY_ACC,ADDED_ON) VALUES (5,18,6,"Fish-Guts",9,1415474819);
INSERT INTO OP_LIST (TYPE,NICK,CHAN,ADDED_BY,ADDED_BY_ACC,ADDED_ON) VALUES (4,6,6,"Valentin",5,1415474819);
INSERT INTO OP_LIST (TYPE,NICK,CHAN,ADDED_BY,ADDED_BY_ACC,ADDED_ON) VALUES (4,9,6,"Valentin",5,1415474819);

-- #basel


INSERT INTO OP_LIST (TYPE,NICK,CHAN,ADDED_BY,ADDED_BY_ACC,ADDED_ON) VALUES (7,1,7,"Fish-Guts",9,1415474819);
INSERT INTO OP_LIST (TYPE,NICK,CHAN,ADDED_BY,ADDED_BY_ACC,ADDED_ON) VALUES (5,9,7,"Fish-Guts",9,1415474819);
INSERT INTO OP_LIST (TYPE,NICK,CHAN,ADDED_BY,ADDED_BY_ACC,ADDED_ON) VALUES (5,11,7,"Fish-Guts",9,1415474819);
INSERT INTO OP_LIST (TYPE,NICK,CHAN,ADDED_BY,ADDED_BY_ACC,ADDED_ON) VALUES (4,10,7,"V",5,1415474819);
INSERT INTO OP_LIST (TYPE,NICK,CHAN,ADDED_BY,ADDED_BY_ACC,ADDED_ON) VALUES (4,4,7,"V",5,1415474819);
INSERT INTO OP_LIST (TYPE,NICK,CHAN,ADDED_BY,ADDED_BY_ACC,ADDED_ON) VALUES (4,25,7,"waterlily",5,1415474819);
INSERT INTO OP_LIST (TYPE,NICK,CHAN,ADDED_BY,ADDED_BY_ACC,ADDED_ON) VALUES (4,34,7,"V",5,1415474819);
INSERT INTO OP_LIST (TYPE,NICK,CHAN,ADDED_BY,ADDED_BY_ACC,ADDED_ON) VALUES (4,12,7,"waterlily",5,1415474819);
INSERT INTO OP_LIST (TYPE,NICK,CHAN,ADDED_BY,ADDED_BY_ACC,ADDED_ON) VALUES (4,2,7,"Fish-Guts",9,1415474819);
INSERT INTO OP_LIST (TYPE,NICK,CHAN,ADDED_BY,ADDED_BY_ACC,ADDED_ON) VALUES (3,6,7,"V",5,1415474819);
INSERT INTO OP_LIST (TYPE,NICK,CHAN,ADDED_BY,ADDED_BY_ACC,ADDED_ON) VALUES (3,7,7,"waterlily",5,1415474819);
INSERT INTO OP_LIST (TYPE,NICK,CHAN,ADDED_BY,ADDED_BY_ACC,ADDED_ON) VALUES (2,27,7,"waterlily",5,1415474819);
INSERT INTO OP_LIST (TYPE,NICK,CHAN,ADDED_BY,ADDED_BY_ACC,ADDED_ON) VALUES (2,29,7,"V",5,1415474819);


-- #zug


INSERT INTO OP_LIST (TYPE,NICK,CHAN,ADDED_BY,ADDED_BY_ACC,ADDED_ON) VALUES (7,1,8,"Fish-Guts",9,1415474819);
INSERT INTO OP_LIST (TYPE,NICK,CHAN,ADDED_BY,ADDED_BY_ACC,ADDED_ON) VALUES (5,22,8,"Fish-Guts",9,1415474819);
INSERT INTO OP_LIST (TYPE,NICK,CHAN,ADDED_BY,ADDED_BY_ACC,ADDED_ON) VALUES (4,10,8,"mk",5,1415474819);
INSERT INTO OP_LIST (TYPE,NICK,CHAN,ADDED_BY,ADDED_BY_ACC,ADDED_ON) VALUES (4,4,8,"mk",5,1415474819);
INSERT INTO OP_LIST (TYPE,NICK,CHAN,ADDED_BY,ADDED_BY_ACC,ADDED_ON) VALUES (4,2,8,"mk",5,1415474819);
INSERT INTO OP_LIST (TYPE,NICK,CHAN,ADDED_BY,ADDED_BY_ACC,ADDED_ON) VALUES (3,6,8,"FG",2,1415474819);
INSERT INTO OP_LIST (TYPE,NICK,CHAN,ADDED_BY,ADDED_BY_ACC,ADDED_ON) VALUES (3,7,8,"mk",5,1415474819);
INSERT INTO OP_LIST (TYPE,NICK,CHAN,ADDED_BY,ADDED_BY_ACC,ADDED_ON) VALUES (2,27,8,"mk",5,1415474819);
INSERT INTO OP_LIST (TYPE,NICK,CHAN,ADDED_BY,ADDED_BY_ACC,ADDED_ON) VALUES (2,29,8,"FG",2,1415474819);

-- #thurgau

INSERT INTO OP_LIST (TYPE,NICK,CHAN,ADDED_BY,ADDED_BY_ACC,ADDED_ON) VALUES (7,1,9,"Fish-Guts",9,1415474819);
INSERT INTO OP_LIST (TYPE,NICK,CHAN,ADDED_BY,ADDED_BY_ACC,ADDED_ON) VALUES (5,28,9,"Fish-Guts",9,1415474819);
INSERT INTO OP_LIST (TYPE,NICK,CHAN,ADDED_BY,ADDED_BY_ACC,ADDED_ON) VALUES (4,36,9,"red-dog",5,1415474819);
INSERT INTO OP_LIST (TYPE,NICK,CHAN,ADDED_BY,ADDED_BY_ACC,ADDED_ON) VALUES (4,11,9,"red-dog",5,1415474819);
INSERT INTO OP_LIST (TYPE,NICK,CHAN,ADDED_BY,ADDED_BY_ACC,ADDED_ON) VALUES (4,16,9,"red-dog",5,1415474819);
INSERT INTO OP_LIST (TYPE,NICK,CHAN,ADDED_BY,ADDED_BY_ACC,ADDED_ON) VALUES (3,20,9,"red-dog",5,1415474819);
INSERT INTO OP_LIST (TYPE,NICK,CHAN,ADDED_BY,ADDED_BY_ACC,ADDED_ON) VALUES (3,14,9,"red-dog",5,1415474819);


-- #stgallen

INSERT INTO OP_LIST (TYPE,NICK,CHAN,ADDED_BY,ADDED_BY_ACC,ADDED_ON) VALUES (7,1,10,"Fish-Guts",9,1415474819);
INSERT INTO OP_LIST (TYPE,NICK,CHAN,ADDED_BY,ADDED_BY_ACC,ADDED_ON) VALUES (5,15,10,"Fish-Gts",9,1415474819);
INSERT INTO OP_LIST (TYPE,NICK,CHAN,ADDED_BY,ADDED_BY_ACC,ADDED_ON) VALUES (4,14,10,"Gargo",5,1415474819);
INSERT INTO OP_LIST (TYPE,NICK,CHAN,ADDED_BY,ADDED_BY_ACC,ADDED_ON) VALUES (4,20,10,"Gargo",5,1415474819);
INSERT INTO OP_LIST (TYPE,NICK,CHAN,ADDED_BY,ADDED_BY_ACC,ADDED_ON) VALUES (4,21,10,"Gargo",5,1415474819);
INSERT INTO OP_LIST (TYPE,NICK,CHAN,ADDED_BY,ADDED_BY_ACC,ADDED_ON) VALUES (4,9,10,"Gargo",5,1415474819);
INSERT INTO OP_LIST (TYPE,NICK,CHAN,ADDED_BY,ADDED_BY_ACC,ADDED_ON) VALUES (4,10,10,"Gargo",5,1415474819);

-- #aargau

INSERT INTO OP_LIST (TYPE,NICK,CHAN,ADDED_BY,ADDED_BY_ACC,ADDED_ON) VALUES (7,1,11,"Fish-Guts",9,1415474819);
INSERT INTO OP_LIST (TYPE,NICK,CHAN,ADDED_BY,ADDED_BY_ACC,ADDED_ON) VALUES (5,7,11,"Fish-Guts",9,1415474819);
INSERT INTO OP_LIST (TYPE,NICK,CHAN,ADDED_BY,ADDED_BY_ACC,ADDED_ON) VALUES (4,3,11,"Schwan",5,1415474819);
INSERT INTO OP_LIST (TYPE,NICK,CHAN,ADDED_BY,ADDED_BY_ACC,ADDED_ON) VALUES (4,4,11,"Schwan",5,1415474819);
INSERT INTO OP_LIST (TYPE,NICK,CHAN,ADDED_BY,ADDED_BY_ACC,ADDED_ON) VALUES (4,5,11,"Schwan",5,1415474819);
INSERT INTO OP_LIST (TYPE,NICK,CHAN,ADDED_BY,ADDED_BY_ACC,ADDED_ON) VALUES (4,9,11,"Schwan",5,1415474819);
INSERT INTO OP_LIST (TYPE,NICK,CHAN,ADDED_BY,ADDED_BY_ACC,ADDED_ON) VALUES (4,11,11,"Schwan",5,1415474819);
INSERT INTO OP_LIST (TYPE,NICK,CHAN,ADDED_BY,ADDED_BY_ACC,ADDED_ON) VALUES (4,18,11,"Schwan",5,1415474819);
INSERT INTO OP_LIST (TYPE,NICK,CHAN,ADDED_BY,ADDED_BY_ACC,ADDED_ON) VALUES (4,23,11,"Schwan",5,1415474819);
INSERT INTO OP_LIST (TYPE,NICK,CHAN,ADDED_BY,ADDED_BY_ACC,ADDED_ON) VALUES (4,24,11,"Schwan",5,1415474819);
INSERT INTO OP_LIST (TYPE,NICK,CHAN,ADDED_BY,ADDED_BY_ACC,ADDED_ON) VALUES (4,25,11,"Schwan",5,1415474819);
INSERT INTO OP_LIST (TYPE,NICK,CHAN,ADDED_BY,ADDED_BY_ACC,ADDED_ON) VALUES (4,28,11,"Schwan",5,1415474819);
INSERT INTO OP_LIST (TYPE,NICK,CHAN,ADDED_BY,ADDED_BY_ACC,ADDED_ON) VALUES (4,31,11,"Schwan",5,1415474819);

-- #flirt20plus

INSERT INTO OP_LIST (TYPE,NICK,CHAN,ADDED_BY,ADDED_BY_ACC,ADDED_ON) VALUES (7,1,12,"Fish-Guts",9,1415474819);
INSERT INTO OP_LIST (TYPE,NICK,CHAN,ADDED_BY,ADDED_BY_ACC,ADDED_ON) VALUES (5,8,12,"Fish-Guts",9,1415474819);
INSERT INTO OP_LIST (TYPE,NICK,CHAN,ADDED_BY,ADDED_BY_ACC,ADDED_ON) VALUES (5,28,12,"Fish-Guts",9,1415474819);
INSERT INTO OP_LIST (TYPE,NICK,CHAN,ADDED_BY,ADDED_BY_ACC,ADDED_ON) VALUES (4,6,12,"Delfin",5,1415474819);
INSERT INTO OP_LIST (TYPE,NICK,CHAN,ADDED_BY,ADDED_BY_ACC,ADDED_ON) VALUES (4,7,12,"red-dog",5,1415474819);
INSERT INTO OP_LIST (TYPE,NICK,CHAN,ADDED_BY,ADDED_BY_ACC,ADDED_ON) VALUES (4,8,12,"red-dog",5,1415474819);
INSERT INTO OP_LIST (TYPE,NICK,CHAN,ADDED_BY,ADDED_BY_ACC,ADDED_ON) VALUES (4,9,12,"Delfin",5,1415474819);
INSERT INTO OP_LIST (TYPE,NICK,CHAN,ADDED_BY,ADDED_BY_ACC,ADDED_ON) VALUES (4,10,12,"Delfin",5,1415474819);
INSERT INTO OP_LIST (TYPE,NICK,CHAN,ADDED_BY,ADDED_BY_ACC,ADDED_ON) VALUES (4,11,12,"red-dog",5,1415474819);
INSERT INTO OP_LIST (TYPE,NICK,CHAN,ADDED_BY,ADDED_BY_ACC,ADDED_ON) VALUES (4,12,12,"Delfin",5,1415474819);
INSERT INTO OP_LIST (TYPE,NICK,CHAN,ADDED_BY,ADDED_BY_ACC,ADDED_ON) VALUES (4,13,12,"red-dog",5,1415474819);
INSERT INTO OP_LIST (TYPE,NICK,CHAN,ADDED_BY,ADDED_BY_ACC,ADDED_ON) VALUES (4,14,12,"red-dog",5,1415474819);
INSERT INTO OP_LIST (TYPE,NICK,CHAN,ADDED_BY,ADDED_BY_ACC,ADDED_ON) VALUES (4,15,12,"Delfin",5,1415474819);
INSERT INTO OP_LIST (TYPE,NICK,CHAN,ADDED_BY,ADDED_BY_ACC,ADDED_ON) VALUES (4,16,12,"Delfin",5,1415474819);

-- #flirt30plus

INSERT INTO OP_LIST (TYPE,NICK,CHAN,ADDED_BY,ADDED_BY_ACC,ADDED_ON) VALUES (7,1,13,"Fish-Guts",9,1415474819);
INSERT INTO OP_LIST (TYPE,NICK,CHAN,ADDED_BY,ADDED_BY_ACC,ADDED_ON) VALUES (5,8,13,"Fish-Guts",9,1415474819);
INSERT INTO OP_LIST (TYPE,NICK,CHAN,ADDED_BY,ADDED_BY_ACC,ADDED_ON) VALUES (5,28,13,"Fish-Guts",9,1415474819);
INSERT INTO OP_LIST (TYPE,NICK,CHAN,ADDED_BY,ADDED_BY_ACC,ADDED_ON) VALUES (4,6,13,"Delfin",5,1415474819);
INSERT INTO OP_LIST (TYPE,NICK,CHAN,ADDED_BY,ADDED_BY_ACC,ADDED_ON) VALUES (4,7,13,"red-dog",5,1415474819);
INSERT INTO OP_LIST (TYPE,NICK,CHAN,ADDED_BY,ADDED_BY_ACC,ADDED_ON) VALUES (4,8,13,"red-dog",5,1415474819);
INSERT INTO OP_LIST (TYPE,NICK,CHAN,ADDED_BY,ADDED_BY_ACC,ADDED_ON) VALUES (4,9,13,"Delfin",5,1415474819);
INSERT INTO OP_LIST (TYPE,NICK,CHAN,ADDED_BY,ADDED_BY_ACC,ADDED_ON) VALUES (4,10,13,"Delfin",5,1415474819);
INSERT INTO OP_LIST (TYPE,NICK,CHAN,ADDED_BY,ADDED_BY_ACC,ADDED_ON) VALUES (4,11,13,"red-dog",5,1415474819);
INSERT INTO OP_LIST (TYPE,NICK,CHAN,ADDED_BY,ADDED_BY_ACC,ADDED_ON) VALUES (4,12,13,"Delfin",5,1415474819);
INSERT INTO OP_LIST (TYPE,NICK,CHAN,ADDED_BY,ADDED_BY_ACC,ADDED_ON) VALUES (4,13,13,"red-dog",5,1415474819);
INSERT INTO OP_LIST (TYPE,NICK,CHAN,ADDED_BY,ADDED_BY_ACC,ADDED_ON) VALUES (4,14,13,"red-dog",5,1415474819);
INSERT INTO OP_LIST (TYPE,NICK,CHAN,ADDED_BY,ADDED_BY_ACC,ADDED_ON) VALUES (4,15,13,"Delfin",5,1415474819);
INSERT INTO OP_LIST (TYPE,NICK,CHAN,ADDED_BY,ADDED_BY_ACC,ADDED_ON) VALUES (4,16,13,"Delfin",5,1415474819);

-- #flirt40plus

INSERT INTO OP_LIST (TYPE,NICK,CHAN,ADDED_BY,ADDED_BY_ACC,ADDED_ON) VALUES (7,1,14,"Fish-Guts",9,1415474819);
INSERT INTO OP_LIST (TYPE,NICK,CHAN,ADDED_BY,ADDED_BY_ACC,ADDED_ON) VALUES (5,8,14,"Fish-Guts",9,1415474819);
INSERT INTO OP_LIST (TYPE,NICK,CHAN,ADDED_BY,ADDED_BY_ACC,ADDED_ON) VALUES (5,28,14,"Fish-Guts",9,1415474819);
INSERT INTO OP_LIST (TYPE,NICK,CHAN,ADDED_BY,ADDED_BY_ACC,ADDED_ON) VALUES (4,6,14,"Delfin",5,1415474819);
INSERT INTO OP_LIST (TYPE,NICK,CHAN,ADDED_BY,ADDED_BY_ACC,ADDED_ON) VALUES (4,7,14,"red-dog",5,1415474819);
INSERT INTO OP_LIST (TYPE,NICK,CHAN,ADDED_BY,ADDED_BY_ACC,ADDED_ON) VALUES (4,8,14,"red-dog",5,1415474819);
INSERT INTO OP_LIST (TYPE,NICK,CHAN,ADDED_BY,ADDED_BY_ACC,ADDED_ON) VALUES (4,9,14,"Delfin",5,1415474819);
INSERT INTO OP_LIST (TYPE,NICK,CHAN,ADDED_BY,ADDED_BY_ACC,ADDED_ON) VALUES (4,10,14,"Delfin",5,1415474819);
INSERT INTO OP_LIST (TYPE,NICK,CHAN,ADDED_BY,ADDED_BY_ACC,ADDED_ON) VALUES (4,11,14,"red-dog",5,1415474819);
INSERT INTO OP_LIST (TYPE,NICK,CHAN,ADDED_BY,ADDED_BY_ACC,ADDED_ON) VALUES (4,12,14,"Delfin",5,1415474819);
INSERT INTO OP_LIST (TYPE,NICK,CHAN,ADDED_BY,ADDED_BY_ACC,ADDED_ON) VALUES (4,13,14,"red-dog",5,1415474819);
INSERT INTO OP_LIST (TYPE,NICK,CHAN,ADDED_BY,ADDED_BY_ACC,ADDED_ON) VALUES (4,14,14,"red-dog",5,1415474819);
INSERT INTO OP_LIST (TYPE,NICK,CHAN,ADDED_BY,ADDED_BY_ACC,ADDED_ON) VALUES (4,15,14,"Delfin",5,1415474819);
INSERT INTO OP_LIST (TYPE,NICK,CHAN,ADDED_BY,ADDED_BY_ACC,ADDED_ON) VALUES (4,16,14,"Delfin",5,1415474819);



INSERT INTO NS_ACCESS(NICK_ID,MASK) VALUES (1,"fish-guts@*");
INSERT INTO NS_ACCESS(NICK_ID,MASK) VALUES (1,"FG@*");
INSERT INTO NS_ACCESS(NICK_ID,MASK) VALUES (1,"pennywise@*");
INSERT INTO NS_ACCESS(NICK_ID,MASK) VALUES (2,"FG@*");
INSERT INTO NS_ACCESS(NICK_ID,MASK) VALUES (3,"jamc@*");
INSERT INTO NS_ACCESS(NICK_ID,MASK) VALUES (3,"jamc2@*");
INSERT INTO NS_ACCESS(NICK_ID,MASK) VALUES (4,"test1@*");
INSERT INTO NS_ACCESS(NICK_ID,MASK) VALUES (5,"test2@*");
INSERT INTO NS_ACCESS(NICK_ID,MASK) VALUES (6,"test3@*");
INSERT INTO NS_ACCESS(NICK_ID,MASK) VALUES (7,"test4@*");

INSERT INTO NS_NOTIFY(NICK_ID,NOTIFICATION_NICK_ID) VALUES (1,2);
INSERT INTO NS_NOTIFY(NICK_ID,NOTIFICATION_NICK_ID) VALUES (1,3);
INSERT INTO NS_NOTIFY(NICK_ID,NOTIFICATION_NICK_ID) VALUES (1,4);
INSERT INTO NS_NOTIFY(NICK_ID,NOTIFICATION_NICK_ID) VALUES (1,5);
INSERT INTO NS_NOTIFY(NICK_ID,NOTIFICATION_NICK_ID) VALUES (1,6);
INSERT INTO NS_NOTIFY(NICK_ID,NOTIFICATION_NICK_ID) VALUES (1,7);
INSERT INTO NS_NOTIFY(NICK_ID,NOTIFICATION_NICK_ID) VALUES (1,8);
INSERT INTO NS_NOTIFY(NICK_ID,NOTIFICATION_NICK_ID) VALUES (1,9);
INSERT INTO NS_NOTIFY(NICK_ID,NOTIFICATION_NICK_ID) VALUES (1,10);
INSERT INTO NS_NOTIFY(NICK_ID,NOTIFICATION_NICK_ID) VALUES (1,11);
INSERT INTO NS_NOTIFY(NICK_ID,NOTIFICATION_NICK_ID) VALUES (1,12);
INSERT INTO NS_NOTIFY(NICK_ID,NOTIFICATION_NICK_ID) VALUES (1,13);
INSERT INTO NS_NOTIFY(NICK_ID,NOTIFICATION_NICK_ID) VALUES (1,14);
INSERT INTO NS_NOTIFY(NICK_ID,NOTIFICATION_NICK_ID) VALUES (1,15);
INSERT INTO NS_NOTIFY(NICK_ID,NOTIFICATION_NICK_ID) VALUES (1,16);
INSERT INTO NS_NOTIFY(NICK_ID,NOTIFICATION_NICK_ID) VALUES (2,1);
INSERT INTO NS_NOTIFY(NICK_ID,NOTIFICATION_NICK_ID) VALUES (2,3);
INSERT INTO NS_NOTIFY(NICK_ID,NOTIFICATION_NICK_ID) VALUES (2,4);
INSERT INTO NS_NOTIFY(NICK_ID,NOTIFICATION_NICK_ID) VALUES (2,5);
INSERT INTO NS_NOTIFY(NICK_ID,NOTIFICATION_NICK_ID) VALUES (2,6);
INSERT INTO NS_NOTIFY(NICK_ID,NOTIFICATION_NICK_ID) VALUES (2,7);
INSERT INTO NS_NOTIFY(NICK_ID,NOTIFICATION_NICK_ID) VALUES (2,8);
INSERT INTO NS_NOTIFY(NICK_ID,NOTIFICATION_NICK_ID) VALUES (2,9);
INSERT INTO NS_NOTIFY(NICK_ID,NOTIFICATION_NICK_ID) VALUES (2,10);
INSERT INTO NS_NOTIFY(NICK_ID,NOTIFICATION_NICK_ID) VALUES (2,11);
INSERT INTO NS_NOTIFY(NICK_ID,NOTIFICATION_NICK_ID) VALUES (2,12);
INSERT INTO NS_NOTIFY(NICK_ID,NOTIFICATION_NICK_ID) VALUES (2,13);
INSERT INTO NS_NOTIFY(NICK_ID,NOTIFICATION_NICK_ID) VALUES (2,14);
INSERT INTO NS_NOTIFY(NICK_ID,NOTIFICATION_NICK_ID) VALUES (2,22);
INSERT INTO NS_NOTIFY(NICK_ID,NOTIFICATION_NICK_ID) VALUES (2,24);
INSERT INTO NS_NOTIFY(NICK_ID,NOTIFICATION_NICK_ID) VALUES (2,23);
INSERT INTO NS_NOTIFY(NICK_ID,NOTIFICATION_NICK_ID) VALUES (2,25);
INSERT INTO NS_NOTIFY(NICK_ID,NOTIFICATION_NICK_ID) VALUES (2,26);
INSERT INTO NS_NOTIFY(NICK_ID,NOTIFICATION_NICK_ID) VALUES (2,27);

INSERT INTO AUTH_STATUS(NAME) VALUES("Unread");
INSERT INTO AUTH_STATUS(NAME) VALUES("Read");

INSERT INTO NS_AUTH(TARGET_TYPE,TARGET,SENDER,RECIPIENT,TIME,STATUS) VALUES(1,2,2,1,1415474819,1);
INSERT INTO NS_AUTH(TARGET_TYPE,TARGET,SENDER,RECIPIENT,TIME,STATUS) VALUES(1,2,2,3,1415474819,1);
INSERT INTO NS_AUTH(TARGET_TYPE,TARGET,SENDER,RECIPIENT,TIME,STATUS) VALUES(1,2,2,4,1415474819,1);
INSERT INTO NS_AUTH(TARGET_TYPE,TARGET,SENDER,RECIPIENT,TIME,STATUS) VALUES(1,2,2,5,1415474819,2);
INSERT INTO NS_AUTH(TARGET_TYPE,TARGET,SENDER,RECIPIENT,TIME,STATUS) VALUES(1,2,2,6,1415474819,1);
INSERT INTO NS_AUTH(TARGET_TYPE,TARGET,SENDER,RECIPIENT,TIME,STATUS) VALUES(1,2,2,7,1415474819,1);
INSERT INTO NS_AUTH(TARGET_TYPE,TARGET,SENDER,RECIPIENT,TIME,STATUS) VALUES(2,1,1,8,1415474819,1);
INSERT INTO NS_AUTH(TARGET_TYPE,TARGET,SENDER,RECIPIENT,TIME,STATUS) VALUES(2,2,1,9,1415474819,1);
INSERT INTO NS_AUTH(TARGET_TYPE,TARGET,SENDER,RECIPIENT,TIME,STATUS) VALUES(2,3,1,10,1415474819,2);
INSERT INTO NS_AUTH(TARGET_TYPE,TARGET,SENDER,RECIPIENT,TIME,STATUS) VALUES(3,4,1,11,1415474819,1);
INSERT INTO NS_AUTH(TARGET_TYPE,TARGET,SENDER,RECIPIENT,TIME,STATUS) VALUES(3,5,1,12,1415474819,1);
INSERT INTO NS_AUTH(TARGET_TYPE,TARGET,SENDER,RECIPIENT,TIME,STATUS) VALUES(3,5,1,13,1415474819,2);
INSERT INTO NS_AUTH(TARGET_TYPE,TARGET,SENDER,RECIPIENT,TIME,STATUS) VALUES(4,5,1,14,1415474819,1);
INSERT INTO NS_AUTH(TARGET_TYPE,TARGET,SENDER,RECIPIENT,TIME,STATUS) VALUES(4,5,1,15,1415474819,1);
INSERT INTO NS_AUTH(TARGET_TYPE,TARGET,SENDER,RECIPIENT,TIME,STATUS) VALUES(4,5,1,16,1415474819,1);


SELECT * FROM OP_LIST;


